manager_id,manager_name
m1,Mayur Patel
m2,Chanchal Khandelwal
m3,Priya Sridhar
m4,Kunal Sangoi
m5,Dhaval Gala
m6,Dhaval Shah
m7,Harish Krishnan
m8,Jonas Bhutta
m9,Mahesh Patil
m10,Vishal Gajwani
m11,Dhaval Joshi
m12,Abhinav Khandelwal
m13,Ashish Naik
m14,Vishal Agarwal
m15,Sachin Relekar
m16,Jayesh Sundar
m17,Hitesh Das
m18,Nitin Arora
m19,Karthik Kumar
m20,Mayank Hyanki
m21,Abhishek Jain
m22,Daylynn Gerard Paul Pinto
m23,Manish Gunwani
m24,Kirthi Jain
m25,Vishal Biraia
m26,Alok Singh
m27,Nitin Gosar
m28,Pratish Krishnan
m29,Kirtan Mehta
m30,Himanshu Singh
m31,Jitendra Sriram
m32,Ajay Kumar Solanki
m33,Ennette Fernandes
m34,Shridatta Bhandwaldar
m35,Pranav Gokhale
m36,Amit Nadekar
m37,Jitendra Tolani
m38,Rohit Singhania
m39,Bhavin Gandhi
m40,Abhishek Singh
m41,Nilesh Aiya
m42,Vinit Sambre
m43,Anil Ghelani
m44,Aparna Karnik
m45,Ashwani Kumar Agarwalla
m46,Trideep Bhattacharya
m47,Bharat Lahoti
m48,Sumanta Khan
m49,Dhruv Bhatia
m50,Ajay Argal
m51,Rajasa Kakulavarapu
m52,R Janakiraman
m53,Akhil Kalluri
m54,Shyam Sundar Sriram
m55,Kiran Sebastian
m56,Paras Matalia
m57,Anupam Tiwari
m58,Abhishek Mor
m59,Arun Agarwal
m60,Roshi Jain
m61,Srinivasan Ramamurthy
m62,Gopal Agrawal
m63,Rahul Baijal
m64,Chirag Setalvad
m65,Anand Laddha
m66,Gautam Bhupal
m67,Abhishek Gupta
m68,Neelotpal Sahai
m69,Cheenu Gupta
m70,Praveen Ayathan
m71,Venugopal Manghat
m72,Roshan Chutkey
m73,Priyanka Khandelwal
m74,Lalit Kumar
m75,Mittul Kalawadia
m76,Sankaran Naren
m77,Vaibhav Dusad
m78,Dharmesh Kakkad
m79,Divya Jain
m80,Ihab Dalwai
m81,Antariksha Banerjee
m82,Darshil Dedhia
m83,Aatur Shah
m84,Amit Ganatra
m85,Amit Nigam
m86,Kuber Mannadi
m87,Hiten Jain
m88,Taher Badshah
m89,Alok Ranjan
m90,Dhimant Shah
m91,Deepak Gupta
m92,Satish Ramanathan
m93,Asit Bhandarkar
m94,Devender Singhal
m95,Shibani Sircar Kurian
m96,Harsha Upadhyaya
m97,Nalin Rasik Bhatt
m98,Rohit Tandon
m99,Atul Bhole
m100,Harish Bihani
m101,Jaiprakash Toshniwal
m102,Sumit Bhatnagar
m103,Karan Doshi
m104,Dikshit Mittal
m105,Mahesh Bendre
m106,Yogesh Patil
m107,Fatema Pacha
m108,Manish Lodha
m109,Kirti Dalvi
m110,Neelesh Surana
m111,Gaurav Misra
m112,Siddhant Chhabria
m113,Tanmay Mehta
m114,Ankit Jain
m115,Ekta Gala
m116,Ajay Khandelwal
m117,Ankit Agarwal
m118,Niket Shah
m119,Swapnil P Mayekar
m120,Ashutosh Shirwaikar
m121,Kinjal Desai
m122,Rupesh Patel
m123,Himanshu Mange
m124,Vinay Sharma
m125,Sailesh Raj Bhan
m126,Rahul Modi
m127,Ashutosh Bhargava
m128,Samir Rachh
m129,Dhrumil Shah
m130,Aishwarya Deepak Agarwal
m131,Rajeev Thakkar
m132,Utsav Mehta
m133,Anandha Padmanabhan Anjeneyan
m134,Chirag Mehta
m135,Christy Mathai
m136,Hitendra Parekh
m137,Raviprakash Sharma
m138,Dinesh Balachandran
m139,Ashit Desai
m140,Rohit Shimpi
m141,Rama Iyer Srinivasan
m142,Bhavin Vithlani
m143,Saurabh Pant
m144,Tanmaya Desai
m145,Vivek Gedda
m146,Deepak Ramaraju
m147,Ratish Varier
m148,Ashish Aggarwal
m149,Bharath S.
m150,Ashwin Jain
m151,Rohit Seksaria
m152,Nitin Bharat Sharma
m153,Amey Sathe
m154,Hasmukh Vishariya
m155,Rahul Singh
m156,Abhinav Sharma
m157,Sonam Udasi
m158,Rajat Srivastava
m159,Chandraprakash Padiyar
m160,Satish Chandra Mishra
m161,Anuj Kapil
m162,Vinod Malviya
m163,Sanjay Bembalkar
m164,Pratik Dharmshi
m165,Gaurav Chopra
m166,Sharwan Kumar Goyal
m167,Sachin Trivedi
m168,Amit Kumar Premchandani
m169,Ajay Tyagi
m170,Vicky Punjabi
m171,Deepesh Agarwal
m172,Karthikraj Lakshmanan
m173,V Srivatsa
m174,Vishal Chopda
m175,Milan Mody
m176,Harshil Suvarnkar
m177,Kaustubh Gupta
m178,Mohit Sharma
m179,Bhupesh Bameta
m180,Anuj Jain
m181,Aditya Pagaria
m182,Devang Shah
m183,Akhil Bipin Thakker
m184,Hardik Shah
m185,Gautam Kaul
m186,Suyash Choudhary
m187,Debraj Lahiri
m188,Harshal Joshi
m189,Brijesh Shah
m190,Mithraem Bharucha
m191,Gurvinder Singh Wasan
m192,Dhawal Dalal
m193,Rahul Dedhia
m194,Avnish Jain
m195,Sandeep Yadav
m196,Karan Mundhra
m197,Shantanu Godambe
m198,Shalini Vasanta
m199,Kunal Khudania
m200,Pranavi Kulkarni
m201,Hetul Raval
m202,Anuj Tagra
m203,Pallab Roy
m204,Chandni Gupta
m205,Kaustubh Sule
m206,Anil Bamboli
m207,Anupam Joshi
m208,Shobhit Mehrotra
m209,Praveen Jain
m210,Mahesh A Chhabria
m211,Asif Rizwi
m212,Shriram Ramanathan
m213,Abhishek Iyer
m214,Manish Banthia
m215,Akhil Kakkar
m216,Krishna Venkat Cheemalapati
m217,Gaurav Jakhotia
m218,Laukik Bagwe
m219,Killol Pandya
m220,Deepak Agrawal
m221,Abhishek Bisen
m222,Marzban Irani
m223,Aakash Parash Dhulia
m224,Rahul Pal
m225,Kruti Chheta
m226,Amit Modani
m227,Basant Bafna
m228,Rakesh Shetty
m229,Tanmay Sethi
m230,Pranay Sinha
m231,Vivek Sharma
m232,Sushil Budhia
m233,Vikash Agarwal
m234,Aishwarya Dhar
m235,Bhupesh Kalyani
m236,Sneha Pandey
m237,Ardhendu Bhattacharya
m238,Rajeev Radhakrishnan
m239,Lokesh Mallya
m240,Sudhir Agrawal
m241,Mohit Jain
m242,Ranjana Gupta
m243,Mansi Sajeja
m244,Dwijendra Srivastava
m245,Amit Somani
m246,Akhil Mittal
m247,Parijat Agrawal
m248,Devesh Thacker
m249,Anurag Mittal
m250,Sunil Madhukar Patil
m251,Pankaj Pathak
m252,Amit Sharma
